task_type,subtype,style_phrase,tags
11,match_signs_a_c,"–°–Ω–∞—á–∞–ª–∞ –ø–æ—Å–º–æ—Ç—Ä–∏, –∫—É–¥–∞ ¬´—Å–º–æ—Ç—Ä—è—Ç¬ª –≤–µ—Ç–≤–∏ –ø–∞—Ä–∞–±–æ–ª—ã –∏ –≥–¥–µ –æ–Ω–∏ –ø–µ—Ä–µ—Å–µ–∫–∞—é—Ç –≤–µ—Ä—Ç–∏–∫–∞–ª—å–Ω—É—é –æ—Å—å.",–æ–±—ä—è—Å–Ω–µ–Ω–∏–µ
11,match_signs_a_c,"–ü–æ—Å–º–æ—Ç—Ä–∏ –≤–Ω–∏–º–∞—Ç–µ–ª—å–Ω–æ: –æ–¥–Ω–∏ –ø–∞—Ä–∞–±–æ–ª—ã –ø–æ—Ö–æ–∂–∏ –Ω–∞ —É–ª—ã–±–∫—É, –¥—Ä—É–≥–∏–µ ‚Äî –Ω–∞ –≥—Ä—É—Å—Ç–Ω–æ–µ –ª–∏—Ü–æ. –ê –µ—â–µ –≤–∞–∂–Ω–æ, –≥–¥–µ –≥—Ä–∞—Ñ–∏–∫ –ø—Ä–æ—Ö–æ–¥–∏—Ç —á–µ—Ä–µ–∑ –≤–µ—Ä—Ç–∏–∫–∞–ª—å–Ω—É—é –æ—Å—å!",–º–µ—Ç–∞—Ñ–æ—Ä–∞
11,match_signs_a_c,–í —ç—Ç–æ–π –∑–∞–¥–∞—á–µ –≤–∞–∂–Ω—ã –≤—Å–µ–≥–æ –¥–≤–∞ –ø—Ä–∏–∑–Ω–∞–∫–∞ ‚Äî –Ω–∞–ø—Ä–∞–≤–ª–µ–Ω–∏–µ –≤–≤–µ—Ä—Ö/–≤–Ω–∏–∑ –∏ –ø–æ–ª–æ–∂–µ–Ω–∏–µ –≤—ã—à–µ/–Ω–∏–∂–µ –Ω—É–ª—è –Ω–∞ –æ—Å–∏ Y.,–æ–±—ä—è—Å–Ω–µ–Ω–∏–µ
11,match_signs_a_c,"–ö–∞–∂–¥—ã–π –≥—Ä–∞—Ñ–∏–∫ ¬´–≥–æ–≤–æ—Ä–∏—Ç¬ª –æ –¥–≤—É—Ö –≤–∞–∂–Ω—ã—Ö –≤–µ—â–∞—Ö: –Ω–∞–ø—Ä–∞–≤–ª–µ–Ω–∏–∏ —Å–≤–æ–∏—Ö –≤–µ—Ç–≤–µ–π –∏ —Ç–æ–º, –≥–¥–µ –æ–Ω –ø–µ—Ä–µ—Å–µ–∫–∞–µ—Ç –æ—Å—å Y.",–º–µ—Ç–∞—Ñ–æ—Ä–∞
11,match_signs_a_c,–ü—Ä–∏—Å–º–æ—Ç—Ä–∏—Å—å –∫ —Ñ–æ—Ä–º–µ –∫—Ä–∏–≤—ã—Ö –∏ –∏—Ö –ø–æ–ª–æ–∂–µ–Ω–∏—é –æ—Ç–Ω–æ—Å–∏—Ç–µ–ª—å–Ω–æ –æ—Å–∏ Y ‚Äî —ç—Ç–æ –ø–æ–º–æ–∂–µ—Ç —Å–≤—è–∑–∞—Ç—å –≤—Å—ë –≤–æ–µ–¥–∏–Ω–æ.,—Å–æ–≤–µ—Ç
11,match_signs_a_c,"–ó–∞–ø–æ–º–Ω–∏ –¥–≤–∞ –ø—Ä–∞–≤–∏–ª–∞: –∑–Ω–∞–∫ a –ø–æ–∫–∞–∑—ã–≤–∞–µ—Ç, ¬´—É–ª—ã–±–∞–µ—Ç—Å—è¬ª –ø–∞—Ä–∞–±–æ–ª–∞ (a>0) –∏–ª–∏ ¬´–≥—Ä—É—Å—Ç–∏—Ç¬ª (a<0). –ê –∑–Ω–∞–∫ c –æ–ø—Ä–µ–¥–µ–ª—è–µ—Ç—Å—è —Ç–µ–º, –≤—ã—à–µ (c>0) –∏–ª–∏ –Ω–∏–∂–µ (c<0) –æ—Å–∏ X –≥—Ä–∞—Ñ–∏–∫ –ø–µ—Ä–µ—Å–µ–∫–∞–µ—Ç –æ—Å—å Y.",–æ–±—ä—è—Å–Ω–µ–Ω–∏–µ
11,match_signs_a_c,"–ö–æ—ç—Ñ—Ñ–∏—Ü–∏–µ–Ω—Ç a –æ–ø—Ä–µ–¥–µ–ª—è–µ—Ç –Ω–∞–ø—Ä–∞–≤–ª–µ–Ω–∏–µ –≤–µ—Ç–≤–µ–π, –∞ c ‚Äî –∑–Ω–∞—á–µ–Ω–∏–µ y –≤ —Ç–æ—á–∫–µ –ø–µ—Ä–µ—Å–µ—á–µ–Ω–∏—è —Å –≤–µ—Ä—Ç–∏–∫–∞–ª—å–Ω–æ–π –æ—Å—å—é (x=0).",–æ–±—ä—è—Å–Ω–µ–Ω–∏–µ
11,match_signs_a_c,"–í–µ—Ç–≤–∏ –ø–∞—Ä–∞–±–æ–ª—ã –≤–≤–µ—Ä—Ö? –ó–Ω–∞—á–∏—Ç, a –ø–æ–ª–æ–∂–∏—Ç–µ–ª—å–Ω–æ–µ. –ü–µ—Ä–µ—Å–µ–∫–∞–µ—Ç –æ—Å—å Y –≤—ã—à–µ –Ω—É–ª—è? –¢–æ–≥–¥–∞ c —Ç–æ–∂–µ –ø–æ–ª–æ–∂–∏—Ç–µ–ª—å–Ω–æ–µ.",–ø—Ä–∏–º–µ—Ä
11,match_signs_a_c,"–ö–æ—ç—Ñ—Ñ–∏—Ü–∏–µ–Ω—Ç a –æ—Ç–≤–µ—á–∞–µ—Ç –∑–∞ —Ñ–æ—Ä–º—É, –∞ c ‚Äî –∑–∞ —Å—Ç–∞—Ä—Ç–æ–≤—É—é –≤—ã—Å–æ—Ç—É –≥—Ä–∞—Ñ–∏–∫–∞. –î—Ä—É–≥–∏–µ –∫–æ—ç—Ñ—Ñ–∏—Ü–∏–µ–Ω—Ç—ã –∑–¥–µ—Å—å –Ω–µ –≤–∞–∂–Ω—ã.",–æ–±—ä—è—Å–Ω–µ–Ω–∏–µ
11,match_signs_a_c,–õ—é–±–∞—è –ø–∞—Ä–∞–±–æ–ª–∞ y=ax¬≤+bx+c –ø–µ—Ä–µ—Å–µ–∫–∞–µ—Ç –æ—Å—å Y –≤ —Ç–æ—á–∫–µ (0;c). –û—Ç—Å—é–¥–∞ —Å—Ä–∞–∑—É –≤–∏–¥–µ–Ω –∑–Ω–∞–∫ c.,–æ–±—ä—è—Å–Ω–µ–Ω–∏–µ
11,match_signs_a_c,"–î–µ–π—Å—Ç–≤—É–π –ø–æ –ø–ª–∞–Ω—É: –¥–ª—è –∫–∞–∂–¥–æ–≥–æ –≥—Ä–∞—Ñ–∏–∫–∞ –æ–ø—Ä–µ–¥–µ–ª–∏ –∑–Ω–∞–∫ a –∏ –∑–Ω–∞–∫ c, –∞ –ø–æ—Ç–æ–º —Å–æ–ø–æ—Å—Ç–∞–≤—å —Å –≤–∞—Ä–∏–∞–Ω—Ç–∞–º–∏.",–∞–ª–≥–æ—Ä–∏—Ç–º
11,match_signs_a_c,–ü–æ—Å–º–æ—Ç—Ä–∏ –Ω–∞ —Ñ–æ—Ä–º—É –ø–∞—Ä–∞–±–æ–ª—ã ‚Äî —ç—Ç–æ –∑–Ω–∞–∫ a. –ù–∞–π–¥–∏ –ø–µ—Ä–µ—Å–µ—á–µ–Ω–∏–µ —Å Oy ‚Äî —ç—Ç–æ –∑–Ω–∞–∫ c.,–∞–ª–≥–æ—Ä–∏—Ç–º
11,match_signs_a_c,"–î–ª—è –≥—Ä–∞—Ñ–∏–∫–∞ –ê –ø–æ—Å–º–æ—Ç—Ä–∏ –Ω–∞ –≤–µ—Ç–≤–∏ –∏ –Ω–∞ –ø–µ—Ä–µ—Å–µ—á–µ–Ω–∏–µ —Å Oy. –°–¥–µ–ª–∞–π —Ç–æ –∂–µ —Å–∞–º–æ–µ –¥–ª—è –ë –∏ –í, –∞ –ø–æ—Ç–æ–º —Å—Ä–∞–≤–Ω–∏.",–∞–ª–≥–æ—Ä–∏—Ç–º
11,match_signs_a_c,"–ü—Ä–æ—Å—Ç–∞—è –ø—Ä–æ–≤–µ—Ä–∫–∞: –≤–µ—Ç–≤–∏ –≤–≤–µ—Ä—Ö ‚Äî a>0, –ø–µ—Ä–µ—Å–µ—á–µ–Ω–∏–µ —Å Y –≤—ã—à–µ –Ω—É–ª—è ‚Äî c>0. –ó–∞–ø–∏—à–∏ –∏ —Å—Ä–∞–≤–Ω–∏ —Å –æ—Ç–≤–µ—Ç–∞–º–∏.",–ø—Ä–∞–∫—Ç–∏–∫–∞
11,form_match_mixed,–ü–æ—Å–º–æ—Ç—Ä–∏ –≤–Ω–∏–º–∞—Ç–µ–ª—å–Ω–æ –Ω–∞ —Ñ–æ—Ä–º—É –∫–∞–∂–¥–æ–≥–æ –≥—Ä–∞—Ñ–∏–∫–∞ ‚Äî –æ–Ω–∏ –≤—Å–µ —Ä–∞–∑–Ω—ã–µ! –ö–∞–∂–¥–∞—è –∫—Ä–∏–≤–∞—è –∏–º–µ–µ—Ç —Å–≤–æ–π ¬´–ø–æ—á–µ—Ä–∫¬ª.,–º–µ—Ç–∞—Ñ–æ—Ä–∞
11,form_match_mixed,"–ó–∞–º–µ—Ç—å, –æ–¥–∏–Ω –≥—Ä–∞—Ñ–∏–∫ ‚Äî –∏–¥–µ–∞–ª—å–Ω–æ –ø—Ä—è–º–æ–π, –∞ –¥–≤–∞ –¥—Ä—É–≥–∏—Ö ‚Äî –∫—Ä–∏–≤—ã–µ. –≠—Ç–∞ —Ä–∞–∑–Ω–∏—Ü–∞ –≤ —Ñ–æ—Ä–º–µ ‚Äî –∫–ª—é—á –∫ —Ä–∞–∑–≥–∞–¥–∫–µ!",–º–µ—Ç–∞—Ñ–æ—Ä–∞
11,form_match_mixed,"–ù–µ –ø—ã—Ç–∞–π—Å—è —Å—Ä–∞–∑—É —Å—á–∏—Ç–∞—Ç—å —Ç–æ—á–∫–∏! –°–Ω–∞—á–∞–ª–∞ –≤–∏–∑—É–∞–ª—å–Ω–æ —Å–≤—è–∂–∏ —Ñ–æ—Ä–º—É –≥—Ä–∞—Ñ–∏–∫–∞ (–ø—Ä—è–º–∞—è, ¬´—á–∞—à–∞¬ª, ¬´–≤–µ—Ç–∫–∞¬ª) —Å —Ç–∏–ø–æ–º —Ñ—É–Ω–∫—Ü–∏–∏.",—Å–æ–≤–µ—Ç
11,form_match_mixed,"–ü—Ä–µ–¥—Å—Ç–∞–≤—å, —á—Ç–æ –≥—Ä–∞—Ñ–∏–∫–∏ ‚Äî —ç—Ç–æ –¥–æ—Ä–æ–≥–∏: –æ–¥–Ω–∞ –ø—Ä—è–º–∞—è –∫–∞–∫ —à–æ—Å—Å–µ, –¥—Ä—É–≥–∞—è —Å —Ö–æ–ª–º–æ–º, —Ç—Ä–µ—Ç—å—è ‚Äî —Å –ø–ª–∞–≤–Ω—ã–º –ø–æ–≤–æ—Ä–æ—Ç–æ–º.",–º–µ—Ç–∞—Ñ–æ—Ä–∞
11,form_match_mixed,"–≠—Ç–æ –∑–∞–¥–∞–Ω–∏–µ –Ω–∞ ¬´—É–∑–Ω–∞–≤–∞–Ω–∏–µ –≤ –ª–∏—Ü–æ¬ª. –í—Å–ø–æ–º–Ω–∏, –∫–∞–∫–∞—è ¬´—Å–µ–º—å—è¬ª —Ñ—É–Ω–∫—Ü–∏–π –∫–∞–∫ –≤—ã–≥–ª—è–¥–∏—Ç.",—Å–æ–≤–µ—Ç
11,form_match_mixed,"–í—Å–ø–æ–º–Ω–∏ –≥–µ—Ä–æ–µ–≤: –ø—Ä—è–º–∞—è ‚Äî –ª–∏–Ω–µ–π–Ω–∞—è (y=kx+b), –ø–∞—Ä–∞–±–æ–ª–∞ ‚Äî –∫–≤–∞–¥—Ä–∞—Ç–∏—á–Ω–∞—è (y=ax¬≤+...), –∞ ¬´–≤–µ—Ç–∫–∞¬ª ‚Äî —ç—Ç–æ ‚àöx.",–æ–±—ä—è—Å–Ω–µ–Ω–∏–µ
11,form_match_mixed,–ï—Å–ª–∏ –≤ —Ñ–æ—Ä–º—É–ª–µ –µ—Å—Ç—å x¬≤ ‚Äî –∏—â–∏ –ø–∞—Ä–∞–±–æ–ª—É. –ï—Å–ª–∏ ‚àöx ‚Äî —ç—Ç–æ –∫–æ—Ä–µ–Ω—å. –ï—Å–ª–∏ –ø—Ä–æ—Å—Ç–æ x ‚Äî –ø—Ä—è–º–∞—è.,–æ–±—ä—è—Å–Ω–µ–Ω–∏–µ
11,form_match_mixed,"–£ –∫–∞–∂–¥–æ–π —Ñ—É–Ω–∫—Ü–∏–∏ —Å–≤–æ–π —Å—Ç–∏–ª—å: –ø—Ä—è–º–∞—è ‚Äî –±–µ—Å–∫–æ–Ω–µ—á–Ω–∞, –ø–∞—Ä–∞–±–æ–ª–∞ ‚Äî —Å–∏–º–º–µ—Ç—Ä–∏—á–Ω–∞, ‚àöx ‚Äî —Ç–æ–ª—å–∫–æ –≤–ø—Ä–∞–≤–æ.",–æ–±—ä—è—Å–Ω–µ–Ω–∏–µ
11,form_match_mixed,–°–æ—Å—Ä–µ–¥–æ—Ç–æ—á—å—Å—è –Ω–∞ —Å–∞–º–æ–º –∑–∞–º–µ—Ç–Ω–æ–º. –ü–∞—Ä–∞–±–æ–ª—É —Å–ø—É—Ç–∞—Ç—å —Ç—Ä—É–¥–Ω–æ ‚Äî –Ω–∞–π–¥–∏ –µ—ë –∏ –æ—Å—Ç–∞–Ω–µ—Ç—Å—è –¥–≤–∞ –≤–∞—Ä–∏–∞–Ω—Ç–∞.,—Å–æ–≤–µ—Ç
11,form_match_mixed,"–ö–∞–∂–¥–∞—è —Ñ–æ—Ä–º—É–ª–∞ —Ä–∞—Å—Å–∫–∞–∑—ã–≤–∞–µ—Ç –∏—Å—Ç–æ—Ä–∏—é: y=2x‚àí4 ‚Äî –ø—Ä—è–º–∞—è, y=x¬≤‚àí4 ‚Äî –ø–∞—Ä–∞–±–æ–ª–∞, y=‚àöx ‚Äî –≤–µ—Ç–∫–∞ –∏–∑ (0;0).",–ø—Ä–∏–º–µ—Ä
11,form_match_mixed,"–î–µ–π—Å—Ç–≤—É–π –ø–æ –ø–ª–∞–Ω—É: –æ–ø—Ä–µ–¥–µ–ª–∏ —Ç–∏–ø –ø–æ —Ñ–æ—Ä–º–µ, –Ω–∞–π–¥–∏ —Ñ–æ—Ä–º—É–ª—É —Å —Ç–µ–º –∂–µ —Ç–∏–ø–æ–º –∏ —Å–æ–ø–æ—Å—Ç–∞–≤—å.",–∞–ª–≥–æ—Ä–∏—Ç–º
11,form_match_mixed,"–ú–æ–∂–Ω–æ –ø–æ–π—Ç–∏ –æ—Ç —Ñ–æ—Ä–º—É–ª: –æ–ø—Ä–µ–¥–µ–ª–∏ —Ç–∏–ø, –Ω–∞–π–¥–∏ –≥—Ä–∞—Ñ–∏–∫, –ø–æ–≤—Ç–æ—Ä–∏ –¥–ª—è –≤—Å–µ—Ö.",–∞–ª–≥–æ—Ä–∏—Ç–º
11,form_match_mixed,"–õ–æ–≥–∏–∫–∞ –∏—Å–∫–ª—é—á–µ–Ω–∏—è —Å–ø–∞—Å–∞–µ—Ç! –ù–∞–π–¥–∏ —Å–∞–º—ã–π –æ—á–µ–≤–∏–¥–Ω—ã–π –≥—Ä–∞—Ñ–∏–∫ ‚Äî –Ω–∞–ø—Ä–∏–º–µ—Ä, –ø—Ä—è–º—É—é. –î–∞–ª—å—à–µ –ø—Ä–æ—â–µ.",—Å–æ–≤–µ—Ç
11,form_match_mixed,–ì—Ä–∞—Ñ–∏–∫ ¬´—á–∞—à–∏¬ª ‚Äî –ø–∞—Ä–∞–±–æ–ª–∞ (–∏—â–∏ x¬≤). –ü—Ä—è–º–∞—è ‚Äî –ª–∏–Ω–µ–π–Ω–∞—è (x). –í–µ—Ç–∫–∞ –∏–∑ –Ω–∞—á–∞–ª–∞ –∫–æ–æ—Ä–¥–∏–Ω–∞—Ç ‚Äî ‚àöx.,–æ–±—ä—è—Å–Ω–µ–Ω–∏–µ
11,form_match_mixed,"–ü—Ä–æ–≤–µ—Ä—å —Å–µ–±—è —Ç–æ—á–∫–∞–º–∏: –ø–æ–¥—Å—Ç–∞–≤—å x=0 –∏ –ø–æ—Å–º–æ—Ç—Ä–∏, –≥–¥–µ –≥—Ä–∞—Ñ–∏–∫ –ø–µ—Ä–µ—Å–µ–∫–∞–µ—Ç –æ—Å—å Y.",–ø—Ä–∞–∫—Ç–∏–∫–∞
11,match_signs_k_b,"–ü—Ä–æ–≤–µ–¥–∏ –ø–∞–ª—å—Ü–µ–º –ø–æ –ª–∏–Ω–∏–∏ —Å–ª–µ–≤–∞ –Ω–∞–ø—Ä–∞–≤–æ. –ü–∞–ª–µ—Ü –ø–æ–ª–∑—ë—Ç –≤–≤–µ—Ä—Ö ‚Äî k>0, –µ–¥–µ—Ç –≤–Ω–∏–∑ ‚Äî k<0.",–º–µ—Ç–∞—Ñ–æ—Ä–∞
11,match_signs_k_b,"–ü—Ä–µ–¥—Å—Ç–∞–≤—å, —á—Ç–æ –ø–æ –≥—Ä–∞—Ñ–∏–∫—É –∏–¥—ë—Ç —á–µ–ª–æ–≤–µ—á–µ–∫. –ï—Å–ª–∏ k>0 ‚Äî –æ–Ω –≤–∑–±–∏—Ä–∞–µ—Ç—Å—è –≤ –≥–æ—Ä—É, –µ—Å–ª–∏ k<0 ‚Äî –∫–∞—Ç–∏—Ç—Å—è –≤–Ω–∏–∑.",–º–µ—Ç–∞—Ñ–æ—Ä–∞
11,match_signs_k_b,"–ï—Å–ª–∏ –ø—Ä—è–º–∞—è –ª–µ–∑–µ—Ç –≤–≤–µ—Ä—Ö ‚Äî –∫–∞–∫ —Ç—ã –∫ —Ö–æ–ª–æ–¥–∏–ª—å–Ω–∏–∫—É –Ω–æ—á—å—é: —É–≤–µ—Ä–µ–Ω–Ω–æ –∏ —Å –ø–ª—é—Å–æ–º üòè. –°–ø–æ–ª–∑–∞–µ—Ç –≤–Ω–∏–∑ ‚Äî –º–∏–Ω—É—Å –º–æ—Ç–∏–≤–∞—Ü–∏—è, –º–∏–Ω—É—Å k üíÄ.",—é–º–æ—Ä
11,match_signs_k_b,"k ‚Äî —ç—Ç–æ –Ω–∞—Å—Ç—Ä–æ–µ–Ω–∏–µ –≥—Ä–∞—Ñ–∏–∫–∞: —Ä–∞—Å—Ç—ë—Ç –≤–≤–µ—Ä—Ö ‚Äî –≤—Å—ë —Ö–æ—Ä–æ—à–æ, –ø–∞–¥–∞–µ—Ç –≤–Ω–∏–∑ ‚Äî –Ω–µ –¥–µ–Ω—å –ë—ç–∫—Ö–µ–º–∞.",–º–µ—Ç–∞—Ñ–æ—Ä–∞
11,match_signs_k_b,"–°–º–æ—Ç—Ä–∏ –Ω–∞ k –∫–∞–∫ –Ω–∞ –ø–∏–ª–æ—Ç–∞: k>0 ‚Äî —Å–∞–º–æ–ª—ë—Ç –≤–∑–ª–µ—Ç–∞–µ—Ç, k<0 ‚Äî –∏–¥—ë—Ç –Ω–∞ –ø–æ—Å–∞–¥–∫—É.",–º–µ—Ç–∞—Ñ–æ—Ä–∞
11,match_signs_k_b,"b ‚Äî —ç—Ç–æ —Ç–æ—á–∫–∞ —Å—Ç–∞—Ä—Ç–∞ –ø–æ –æ—Å–∏ Y. –ï—Å–ª–∏ –≤—ã—à–µ –Ω—É–ª—è ‚Äî —Ç—ã —É–∂–µ –Ω–∞ –ø—å–µ–¥–µ—Å—Ç–∞–ª–µ, –µ—Å–ª–∏ –Ω–∏–∂–µ ‚Äî –ø–æ–¥–Ω–∏–º–∞–π—Å—è üòÖ.",–æ–±—ä—è—Å–Ω–µ–Ω–∏–µ
11,match_signs_k_b,"–ë—É–∫–≤–∞ b ¬´–±—å—ë—Ç¬ª –ø–æ –æ—Å–∏ Y –∏ –ø–æ–∫–∞–∑—ã–≤–∞–µ—Ç, –≥–¥–µ –ø–µ—Ä–µ—Å–µ—á—å ‚Äî –≤—ã—à–µ –∏–ª–∏ –Ω–∏–∂–µ –Ω—É–ª—è.",–æ–±—ä—è—Å–Ω–µ–Ω–∏–µ
11,match_signs_k_b,"b ‚Äî –∫–∞–∫ –æ—Ç–º–µ—Ç–∫–∞ –Ω–∞ –ª–∏—Ñ—Ç–µ: –≤—ã—à–µ –Ω—É–ª—è ‚Äî –ø–µ–Ω—Ç—Ö–∞—É—Å, –Ω–∏–∂–µ ‚Äî –ø–æ–¥–≤–∞–ª.",–º–µ—Ç–∞—Ñ–æ—Ä–∞
11,match_signs_k_b,"b ‚Äî —ç—Ç–æ —Ç–≤–æ–π —Å—Ç–∞—Ä—Ç–æ–≤—ã–π –±–∞–ª–∞–Ω—Å: –Ω–∞–¥ –Ω—É–ª–µ–º ‚Äî –ø–æ–ª–æ–∂–∏—Ç–µ–ª—å–Ω—ã–π, –ø–æ–¥ –Ω—É–ª–µ–º ‚Äî –æ—Ç—Ä–∏—Ü–∞—Ç–µ–ª—å–Ω—ã–π.",—é–º–æ—Ä
11,match_signs_k_b,"–ù–µ –ø—É—Ç–∞–π: k –æ—Ç–≤–µ—á–∞–µ—Ç –∑–∞ –Ω–∞–∫–ª–æ–Ω (–∫—É–¥–∞ –ø–æ–ª–∑—ë—Ç), b ‚Äî –∑–∞ —Å—Ç–∞—Ä—Ç (–≥–¥–µ –æ—Å—å Y). –≠—Ç–æ –∫–∞–∫ –≥–æ—Ä–∫–∞ –∏ –µ—ë –æ—Å–Ω–æ–≤–∞–Ω–∏–µ.",–æ–±—ä—è—Å–Ω–µ–Ω–∏–µ
11,match_signs_k_b,–ü—Ä—è–º–∞—è –≤–≤–µ—Ä—Ö –∏ —Å—Ç–∞—Ä—Ç —Å–≤–µ—Ä—Ö—É ‚Äî –æ–±–∞ –∫—Ä–∞—Å–∞–≤—á–∏–∫–∏ —Å –ø–ª—é—Å–æ–º üí´.,—é–º–æ—Ä
11,match_signs_k_b,"–í–º–µ—Å—Ç–µ –æ–Ω–∏ –∫–∞–∫ –∫–æ–º–∞–Ω–¥–∞: k –∑–∞–¥–∞—ë—Ç –Ω–∞–ø—Ä–∞–≤–ª–µ–Ω–∏–µ, b ‚Äî –ø–æ–ª–æ–∂–µ–Ω–∏–µ. –í—Å—ë —Å—Ä–∞–∑—É —Å—Ç–∞–Ω–æ–≤–∏—Ç—Å—è —è—Å–Ω–æ.",–º–µ—Ç–∞—Ñ–æ—Ä–∞
11,match_signs_k_b,"–î–∞–∂–µ –µ—Å–ª–∏ —Å—Ç–∞—Ä—Ç –Ω–∏–∑–∫–∏–π (b<0), —Å –ø—Ä–∞–≤–∏–ª—å–Ω—ã–º –Ω–∞–∫–ª–æ–Ω–æ–º (k>0) –º–æ–∂–Ω–æ –ø–æ–¥–Ω—è—Ç—å—Å—è üöÄ.",–º–æ—Ç–∏–≤–∞—Ü–∏—è
1-5,tires_q1,"–¢–∞–±–ª–∏—Ü–∞ ‚Äî –∫–∞–∫ –º–µ–Ω—é –≤ –∫–∞—Ñ–µ: –≤—ã–±–µ—Ä–∏ ¬´–±–ª—é–¥–æ¬ª —Å –¥–∏—Å–∫–æ–º 17 –¥—é–π–º–æ–≤ –∏ —Å–∞–º—É—é —É–∑–∫—É—é ¬´–≥–∞—Ä–Ω–∏—Ä–æ–≤–∫—É¬ª ‚Äî —ç—Ç–æ –æ—Ç–≤–µ—Ç.",–º–µ—Ç–∞—Ñ–æ—Ä–∞
1-5,tires_q1,"–î–∏—Å–∫ ‚Äî —ç—Ç–æ —Ç–∞—Ä–µ–ª–∫–∞, –∞ —à–∏–Ω–∞ ‚Äî –±–ª–∏–Ω –Ω–∞ –Ω–µ–π. –î–ª—è 17-–¥—é–π–º–æ–≤–æ–π —Ç–∞—Ä–µ–ª–∫–∏ –∏—â–µ–º —Å–∞–º—ã–π –º–∞–ª–µ–Ω—å–∫–∏–π –±–ª–∏–Ω.",–º–µ—Ç–∞—Ñ–æ—Ä–∞
1-5,tires_q1,"–ò—â–∏ —Å—Ç–æ–ª–±–µ—Ü 17 –∏ –≤—ã–±–µ—Ä–∏ —Å–∞–º–æ–µ –º–∞–ª–µ–Ω—å–∫–æ–µ –ø–µ—Ä–≤–æ–µ —á–∏—Å–ª–æ –≤ –º–∞—Ä–∫–∏—Ä–æ–≤–∫–µ ‚Äî —ç—Ç–æ —à–∏—Ä–∏–Ω–∞ —à–∏–Ω—ã.",–æ–±—ä—è—Å–Ω–µ–Ω–∏–µ
1-5,tires_q1,"–ù–µ –ø—É—Ç–∞–π –¥–∏–∞–º–µ—Ç—Ä –¥–∏—Å–∫–∞ —Å —à–∏—Ä–∏–Ω–æ–π: –¥–∏—Å–∫ ‚Äî —Ä–∞–∑–º–µ—Ä –∫–æ–ª–µ—Å–∞, –∞ —à–∏—Ä–∏–Ω–∞ ‚Äî –µ–≥–æ ¬´—Ç–∞–ª–∏—è¬ª.",—Å–æ–≤–µ—Ç
1-5,tires_q1,"–ï—Å–ª–∏ –≤ —è—á–µ–π–∫–µ –ø—Ä–æ—á–µ—Ä–∫ ‚Äî –∑–Ω–∞—á–∏—Ç, –≤–∞—Ä–∏–∞–Ω—Ç –Ω–µ –ø–æ–¥—Ö–æ–¥–∏—Ç. –ü—Ä–æ—Å—Ç–æ –∏–≥–Ω–æ—Ä–∏—Ä—É–π.",—Å–æ–≤–µ—Ç
1-5,tires_q1,"–≠—Ç–æ –∑–∞–¥–∞—á–∫–∞-–≥–ª—è–¥–µ–ª–∫–∞: –Ω–∏—á–µ–≥–æ —Å—á–∏—Ç–∞—Ç—å –Ω–µ –Ω—É–∂–Ω–æ, —Ç–æ–ª—å–∫–æ –Ω–∞–π—Ç–∏ –º–∏–Ω–∏–º—É–º –≥–ª–∞–∑–∞–º–∏.",–æ–±—ä—è—Å–Ω–µ–Ω–∏–µ
1-5,tires_q1,"–ü—Ä–æ–≤–µ—Ä–∫–∞: –æ—Ç–≤–µ—Ç –≤ –º–∏–ª–ª–∏–º–µ—Ç—Ä–∞—Ö –∏ –≤—Å–µ–≥–¥–∞ —Å–∞–º—ã–π –º–∞–ª–µ–Ω—å–∫–∏–π –≤ –∫–æ–ª–æ–Ω–∫–µ.",—Å–æ–≤–µ—Ç
1-5,tires_q2,"–†–∞–¥–∏—É—Å ‚Äî –∫–∞–∫ —Ä–æ—Å—Ç –∫–æ–ª–µ—Å–∞: –æ–¥–∏–Ω–∞–∫–æ–≤—ã–µ ¬´–±–æ—Ç–∏–Ω–∫–∏¬ª (–¥–∏—Å–∫–∏), —Ä–∞–∑–Ω–∞—è ¬´–ø–æ–¥–æ—à–≤–∞¬ª (–≤—ã—Å–æ—Ç–∞ –±–æ–∫–æ–≤–∏–Ω—ã).",–º–µ—Ç–∞—Ñ–æ—Ä–∞
1-5,tires_q2,"–í—ã—Å–æ—Ç–∞ –±–æ–∫–æ–≤–∏–Ω—ã H = —à–∏—Ä–∏–Ω–∞ √ó (–ø—Ä–æ—Ü–µ–Ω—Ç √∑ 100). –†–∞–∑–Ω–∏—Ü–∞ —Ä–∞–¥–∏—É—Å–æ–≤ = H‚ÇÅ ‚àí H‚ÇÇ.",–æ–±—ä—è—Å–Ω–µ–Ω–∏–µ
1-5,tires_q2,"–ù–µ —Ç—Ä–∞—Ç—å –≤—Ä–µ–º—è –Ω–∞ –¥–∏—Å–∫ ‚Äî –æ–Ω –æ–¥–∏–Ω–∞–∫–æ–≤—ã–π! –ü—Ä–æ—Å—Ç–æ —Å—Ä–∞–≤–Ω–∏ –≤—ã—Å–æ—Ç—ã H.",—Å–æ–≤–µ—Ç
1-5,tires_q2,"–§–æ—Ä–º—É–ª–∞: H = B ¬∑ p / 100. –ó–∞—Ç–µ–º |H‚ÇÅ ‚àí H‚ÇÇ| ‚Äî –∏ –æ—Ç–≤–µ—Ç –≥–æ—Ç–æ–≤.",–æ–±—ä—è—Å–Ω–µ–Ω–∏–µ
1-5,tires_q2,"–ü—Ä–µ–¥—Å—Ç–∞–≤—å –¥–≤–∞ –±—É—Ç–µ—Ä–±—Ä–æ–¥–∞: —Ö–ª–µ–± –æ–¥–∏–Ω–∞–∫–æ–≤—ã–π (–¥–∏—Å–∫), –∞ –∫–æ–ª–±–∞—Å–∞ (H) —Ä–∞–∑–Ω–∞—è ‚Äî –∏—â–µ–º —Ä–∞–∑–Ω–∏—Ü—É —Ç–æ–ª—â–∏–Ω.",–º–µ—Ç–∞—Ñ–æ—Ä–∞
1-5,tires_q2,"–ï—Å–ª–∏ —Ä–∞–∑–Ω–∏—Ü–∞ –ø–æ–ª—É—á–∏–ª–∞—Å—å –æ—Ç—Ä–∏—Ü–∞—Ç–µ–ª—å–Ω–æ–π ‚Äî –≤–æ–∑—å–º–∏ –º–æ–¥—É–ª—å. –í–æ–ø—Ä–æ—Å –≤–µ–¥—å ¬´–Ω–∞ —Å–∫–æ–ª—å–∫–æ –±–æ–ª—å—à–µ¬ª.",—Å–æ–≤–µ—Ç
1-5,tires_q2,"–û–ì–≠ –ª—é–±–∏—Ç —Ç–∞–∫–∏–µ –ª–æ–≤—É—à–∫–∏: –∫—Ç–æ –∑–∞–º–µ—Ç–∏—Ç, —á—Ç–æ –¥–∏—Å–∫–∏ –æ–¥–∏–Ω–∞–∫–æ–≤—ã–µ, —Ç–æ—Ç —ç–∫–æ–Ω–æ–º–∏—Ç –ø–æ–ª–æ–≤–∏–Ω—É —Ä–µ—à–µ–Ω–∏—è.",–º–µ—Ç–∞—Ñ–æ—Ä–∞
1-5,tires_q3,"–ö–æ–ª–µ—Å–æ ‚Äî –∫–∞–∫ –±—É—Ä–≥–µ—Ä: –¥–≤–µ –±—É–ª–æ—á–∫–∏ (H) –∏ –∫–æ—Ç–ª–µ—Ç–∞ –ø–æ—Å–µ—Ä–µ–¥–∏–Ω–µ (d). –°–∫–ª–∞–¥—ã–≤–∞–µ–º –≤—Å—ë!",–º–µ—Ç–∞—Ñ–æ—Ä–∞
1-5,tires_q3,"–§–æ—Ä–º—É–ª–∞: D = 2H + d, –≥–¥–µ H = B √ó p / 100, d = –¥—é–π–º—ã √ó 25,4.",–æ–±—ä—è—Å–Ω–µ–Ω–∏–µ
1-5,tires_q3,"–ù–µ –∑–∞–±—É–¥—å –ø–µ—Ä–µ–≤–µ—Å—Ç–∏ –¥—é–π–º—ã –≤ –º–∏–ª–ª–∏–º–µ—Ç—Ä—ã, –∏–Ω–∞—á–µ –ø–æ–ª—É—á–∏—à—å ¬´–∫–æ–ª–µ—Å–æ –≤ –¥—é–π–º–æ–≤–æ–º –º–∏—Ä–µ¬ª.",—Å–æ–≤–µ—Ç
1-5,tires_q3,"–ù–æ—Ä–º–∞–ª—å–Ω—ã–π –¥–∏–∞–º–µ—Ç—Ä –ª–µ–≥–∫–æ–≤–æ–π —à–∏–Ω—ã ‚Äî –æ–∫–æ–ª–æ 600‚Äì700 –º–º. –í—Å—ë, —á—Ç–æ —Å–∏–ª—å–Ω–æ –æ—Ç–ª–∏—á–∞–µ—Ç—Å—è ‚Äî –æ—à–∏–±–∫–∞.",—Å–æ–≤–µ—Ç
1-5,tires_q3,"–ú—ã—Å–ª–µ–Ω–Ω–æ —Ä–∏—Å—É–π: –¥–≤–µ –±–æ–∫–æ–≤–∏–Ω—ã –∏ –¥–∏—Å–∫ –º–µ–∂–¥—É –Ω–∏–º–∏ ‚Äî 2H + d.",–º–µ—Ç–∞—Ñ–æ—Ä–∞
1-5,tires_q3,"–ê–ª–≥–æ—Ä–∏—Ç–º —Ç—Ä—ë—Ö —à–∞–≥–æ–≤: –Ω–∞–π–¥–∏ H ‚Üí –ø–µ—Ä–µ–≤–µ–¥–∏ d ‚Üí —Å–ª–æ–∂–∏ –ø–æ —Ñ–æ—Ä–º—É–ª–µ.",–æ–±—ä—è—Å–Ω–µ–Ω–∏–µ
1-5,tires_q3,"–ü—Ä–æ–≤–µ—Ä–∫–∞ —Å–µ–±—è: –¥–ª—è 195/60 R16 –ø–æ–ª—É—á–∞–µ—Ç—Å—è 640,4 –º–º ‚Äî –∑–∞–ø–æ–º–Ω–∏ –∫–∞–∫ –æ—Ä–∏–µ–Ω—Ç–∏—Ä.",—Å–æ–≤–µ—Ç
1-5,tires_q4,"–§–æ—Ä–º—É–ª–∞ —Ç–∞ –∂–µ: D = 2H + d, —Ç–æ–ª—å–∫–æ –¥–µ–ª–∞–µ–º –¥–ª—è –¥–≤—É—Ö —à–∏–Ω –∏ –≤—ã—á–∏—Ç–∞–µ–º.",–æ–±—ä—è—Å–Ω–µ–Ω–∏–µ
1-5,tires_q4,"–†–∞–∑–Ω—ã–µ –¥–∏—Å–∫–∏ = –æ–±—è–∑–∞—Ç–µ–ª—å–Ω–æ –ø–µ—Ä–µ–≤–µ—Å—Ç–∏ –∫–∞–∂–¥—ã–π –¥–∏–∞–º–µ—Ç—Ä –≤ –º–∏–ª–ª–∏–º–µ—Ç—Ä—ã –æ—Ç–¥–µ–ª—å–Ω–æ!",—Å–æ–≤–µ—Ç
1-5,tires_q4,"–°—Ç–∞—Ä–æ–µ –∫–æ–ª–µ—Å–æ ‚àí –Ω–æ–≤–æ–µ = —É–º–µ–Ω—å—à–µ–Ω–∏–µ –¥–∏–∞–º–µ—Ç—Ä–∞ (–æ—Ç–≤–µ—Ç –ø–æ–ª–æ–∂–∏—Ç–µ–ª—å–Ω—ã–π).",–æ–±—ä—è—Å–Ω–µ–Ω–∏–µ
1-5,tires_q4,"–ü—Ä–µ–¥—Å—Ç–∞–≤—å, —á—Ç–æ –∫–æ–ª–µ—Å–æ ¬´–ø–æ—Ö—É–¥–µ–ª–æ¬ª: D‚ÇÅ ‚àí D‚ÇÇ –ø–æ–∫–∞–∑—ã–≤–∞–µ—Ç, –Ω–∞ —Å–∫–æ–ª—å–∫–æ –º–∏–ª–ª–∏–º–µ—Ç—Ä–æ–≤ —Å—Ç–∞–ª–æ –º–µ–Ω—å—à–µ.",–º–µ—Ç–∞—Ñ–æ—Ä–∞
1-5,tires_q4,"–õ–∞–π—Ñ—Ö–∞–∫: –∑–∞–ø–∏—à–∏ –ø–∞—Ä–∞–º–µ—Ç—Ä—ã –≤ —Ç–∞–±–ª–∏—Ü—É ‚Äî B, p, d ‚Äî –∏ —Å—á–∏—Ç–∞–π –ø–æ —Å—Ç—Ä–æ–∫–∞–º.",—Å–æ–≤–µ—Ç
1-5,tires_q4,"–ï—Å–ª–∏ –ø–æ–ª—É—á–∏–ª –æ—Ç—Ä–∏—Ü–∞—Ç–µ–ª—å–Ω–æ–µ –∑–Ω–∞—á–µ–Ω–∏–µ ‚Äî –ø–µ—Ä–µ–ø—É—Ç–∞–ª –º–µ—Å—Ç–∞–º–∏, –ø—Ä–æ—Å—Ç–æ –ø–æ–º–µ–Ω—è–π –ø–æ—Ä—è–¥–æ–∫.",—Å–æ–≤–µ—Ç
1-5,tires_q4,"–ù–∞ —Ä–µ–∞–ª—å–Ω–æ–º –û–ì–≠ —á–∞—Å—Ç–æ —Ä–∞–∑–Ω–∏—Ü–∞ 3‚Äì5 –º–º ‚Äî –Ω–µ –æ–∫—Ä—É–≥–ª—è–π —Å–ª–∏—à–∫–æ–º —Ä–∞–Ω–æ.",—Å–æ–≤–µ—Ç
1-5,tires_q5,"–ü—Ä–æ–±–µ–≥ = –¥–ª–∏–Ω–∞ –æ–∫—Ä—É–∂–Ω–æ—Å—Ç–∏: C = œÄ¬∑D. –ß–µ–º –±–æ–ª—å—à–µ D, —Ç–µ–º –¥–∞–ª—å—à–µ –∑–∞ –æ–¥–∏–Ω –æ–±–æ—Ä–æ—Ç.",–æ–±—ä—è—Å–Ω–µ–Ω–∏–µ
1-5,tires_q5,"–§–æ—Ä–º—É–ª–∞ –¥–ª—è –ø—Ä–æ—Ü–µ–Ω—Ç–∞: ((D‚ÇÇ ‚àí D‚ÇÅ) √∑ D‚ÇÅ) √ó 100%.",–æ–±—ä—è—Å–Ω–µ–Ω–∏–µ
1-5,tires_q5,"œÄ –º–æ–∂–Ω–æ –Ω–µ —Å—á–∏—Ç–∞—Ç—å ‚Äî –æ–Ω–æ —Å–æ–∫—Ä–∞—â–∞–µ—Ç—Å—è, –¥–æ—Å—Ç–∞—Ç–æ—á–Ω–æ —Å—Ä–∞–≤–Ω–∏—Ç—å –¥–∏–∞–º–µ—Ç—Ä—ã.",—Å–æ–≤–µ—Ç
1-5,tires_q5,"–ï—Å–ª–∏ –ø–æ–ª—É—á–∏–ª–æ—Å—å 101,6%, –∑–Ω–∞—á–∏—Ç –ø—Ä–æ–±–µ–≥ –≤—ã—Ä–æ—Å –Ω–∞ 1,6%.",–ø—Ä–∏–º–µ—Ä
1-5,tires_q5,"–°–º—ã—Å–ª –∑–∞–¥–∞—á–∏: ¬´–±–æ–ª—å—à–æ–µ –∫–æ–ª–µ—Å–æ –¥–µ–ª–∞–µ—Ç —à–∞–≥ –≤–µ–ª–∏–∫–∞–Ω–∞¬ª.",–º–µ—Ç–∞—Ñ–æ—Ä–∞
1-5,tires_q5,"–û–∫—Ä—É–≥–ª—è–π –¥–æ –¥–µ—Å—è—Ç—ã—Ö ‚Äî —ç—Ç–æ —Ç—Ä–µ–±–æ–≤–∞–Ω–∏–µ –û–ì–≠.",—Å–æ–≤–µ—Ç
1-5,tires_q5,"–ù–æ—Ä–º–∞–ª—å–Ω–∞—è —Ä–∞–∑–Ω–∏—Ü–∞ ‚Äî 1‚Äì2%. –ï—Å–ª–∏ –ø–æ–ª—É—á–∏–ª–æ—Å—å 10% ‚Äî –æ—à–∏–±–∫–∞ –≤ —Ä–∞—Å—á—ë—Ç–∞—Ö.",—Å–æ–≤–µ—Ç
1-5,tires_q6,"–ê–ª–≥–æ—Ä–∏—Ç–º: (—Å–Ω—è—Ç–∏–µ + –∑–∞–º–µ–Ω–∞ + –±–∞–ª–∞–Ω—Å + —É—Å—Ç–∞–Ω–æ–≤–∫–∞) √ó 4 + –¥–æ—Ä–æ–≥–∞.",–æ–±—ä—è—Å–Ω–µ–Ω–∏–µ
1-5,tires_q6,"–î–æ—Ä–æ–≥—É –Ω–µ —É–º–Ω–æ–∂–∞–µ–º ‚Äî –≤ —Å–µ—Ä–≤–∏—Å –µ–¥–µ–º –æ–¥–∏–Ω —Ä–∞–∑!",—Å–æ–≤–µ—Ç
1-5,tires_q6,"–≠—Ç–æ –ø—Ä–æ—Å—Ç–æ –∞—Ä–∏—Ñ–º–µ—Ç–∏–∫–∞: –ø–æ—Å—á–∏—Ç–∞–π –¥–ª—è –ê –∏ –¥–ª—è –ë, –≤—ã–±–µ—Ä–∏ –º–µ–Ω—å—à—É—é —Å—É–º–º—É.",–æ–±—ä—è—Å–Ω–µ–Ω–∏–µ
1-5,tires_q6,"–ü—Ä–µ–¥—Å—Ç–∞–≤—å, —á—Ç–æ –∑–∞–∫–∞–∑—ã–≤–∞–µ—à—å 4 –ø–∏—Ü—Ü—ã: –¥–æ—Ä–æ–≥–∞ ‚Äî –¥–æ—Å—Ç–∞–≤–∫–∞, –æ–ø–µ—Ä–∞—Ü–∏–∏ ‚Äî —Ü–µ–Ω–∞ –ø–∏—Ü—Ü—ã.",–º–µ—Ç–∞—Ñ–æ—Ä–∞
1-5,tires_q6,"–ß—Ç–æ–±—ã –Ω–µ –æ—à–∏–±–∏—Ç—å—Å—è, —Å–Ω–∞—á–∞–ª–∞ —Å–ª–æ–∂–∏ –≤—Å—ë –¥–ª—è –æ–¥–Ω–æ–≥–æ –∫–æ–ª–µ—Å–∞, –ø–æ—Ç–æ–º —É–º–Ω–æ–∂—å –Ω–∞ 4.",—Å–æ–≤–µ—Ç
1-5,tires_q6,"–ü—Ä–æ–≤–µ—Ä–∫–∞: –æ–±—ã—á–Ω–æ —Ä–∞–∑–Ω–∏—Ü–∞ 30‚Äì40 —Ä—É–±–ª–µ–π, –µ—Å–ª–∏ –ø–æ–ª—É—á–∏–ª–æ—Å—å —Å–æ—Ç–Ω–∏ ‚Äî –æ—à–∏–±–∫–∞.",—Å–æ–≤–µ—Ç
1-5,tires_q6,"–ñ–∏–∑–Ω–µ–Ω–Ω—ã–π —Å–æ–≤–µ—Ç –æ—Ç –ú–∞—Ç—é–Ω–∏: —Å—á–∏—Ç–∞—Ç—å —á–µ—Å—Ç–Ω–æ –≤—ã–≥–æ–¥–Ω–µ–µ, —á–µ–º ¬´–Ω–∞ –≥–ª–∞–∑¬ª ‚Äî –∞—Ä–∏—Ñ–º–µ—Ç–∏–∫–∞ –Ω–µ –æ–±–º–∞–Ω–µ—Ç!",–º–µ—Ç–∞—Ñ–æ—Ä–∞
